longitude,latitude,age_ma,age_error_ma,rock_type,dating_method,reference
-59.9166666666667,-3.33333333333335,133.0,7.0,Basalt,,Mizusaki et al. (2002)
-59.5535,-3.75633333333334,169.0,10.0,Basalt,,Mizusaki et al. (2002)
-59.8833333333333,-3.25,174.0,3.0,Basalt,,Mizusaki et al. (2002)
-59.8833333333333,-3.25,178.0,7.0,Basalt,,Mizusaki et al. (2002)
-60.1666666666667,-3.16666666666665,146.0,6.0,Basalt,,Mizusaki et al. (2002)
-59.55,-3.33333333333335,131.0,38.0,Basalt,,Mizusaki et al. (2002)
-61.0,-3.5,127.0,19.0,Basalt,,Mizusaki et al. (2002)
-60.9166666666667,-2.0,148.0,0.0,Basalt,,Mizusaki et al. (2002)
-60.8333333333333,-1.91666666666665,131.0,14.0,Basalt,,Mizusaki et al. (2002)
-60.6666666666667,-2.66666666666665,132.0,13.0,Basalt,,Mizusaki et al. (2002)
-60.9166666666667,-2.16666666666665,161.0,17.0,Basalt,,Mizusaki et al. (2002)
-60.5,-3.66666666666667,177.0,16.0,Basalt,,Mizusaki et al. (2002)
-60.0,-3.16666666666665,179.0,3.0,Basalt,,Mizusaki et al. (2002)
-73.1901666666667,-6.802,177.0,0.0,Bas. tr./alk.,,Mizusaki et al. (2002)
-73.1038333333333,-6.251,194.0,12.0,Diab. tr./alk.,,Mizusaki et al. (2002)
-70.6406666666667,-6.8075,263.0,10.0,Tufo tr./alk.,,Mizusaki et al. (2002)
-70.6406666666667,-6.8075,294.0,22.0,Bas. tr./alk.,,Mizusaki et al. (2002)
-70.6406666666667,-6.8075,302.0,29.0,Bas. tr./alk.,,Mizusaki et al. (2002)
-66.3401666666667,-4.87183333333333,116.0,10.0,Diab. tr./alk.,,Mizusaki et al. (2002)
-66.3401666666667,-4.87183333333333,117.0,6.0,Diab. tr./alk.,,Mizusaki et al. (2002)
-66.5185,-4.89283333333333,138.0,6.0,Diab. tr./alk.,,Mizusaki et al. (2002)
-66.2521666666667,-4.78466666666668,141.0,2.0,Diab. tr./alk.,,Mizusaki et al. (2002)
-64.6833333333334,-3.35333333333332,142.0,10.0,Diab. tr./alk.,,Mizusaki et al. (2002)
-66.3705,-4.82383333333334,144.0,3.0,Diab. tr./alk.,,Mizusaki et al. (2002)
-66.3401666666667,-4.87183333333333,157.0,6.0,Diab. tr./alk.,,Mizusaki et al. (2002)
-66.9563333333333,-5.20233333333334,162.0,16.0,Diab. tr./alk.,,Mizusaki et al. (2002)
-66.3401666666667,-4.5385,164.0,4.0,Diab. tr./alk.,,Mizusaki et al. (2002)
-62.1205,-3.81783333333335,163.0,7.0,Diab. tr./alk.,,Mizusaki et al. (2002)
-66.0516666666667,-4.45483333333334,167.0,7.0,Diab. tr./alk.,,Mizusaki et al. (2002)
-67.476,-5.5425,170.0,6.0,Diab. tr./alk.,,Mizusaki et al. (2002)
-63.7046666666667,-5.69183333333333,170.0,6.0,Diab. tr./alk.,,Mizusaki et al. (2002)
-66.0716666666667,-3.517,177.0,0.0,Diab. tr./alk.,,Mizusaki et al. (2002)
-67.476,-5.5425,182.0,6.0,Diab. tr./alk.,,Mizusaki et al. (2002)
-63.7046666666667,-5.6885,182.0,6.0,Diab. tr./alk.,,Mizusaki et al. (2002)
-66.419,-4.88433333333334,182.0,14.0,Diab. tr./alk.,,Mizusaki et al. (2002)
-61.3743333333333,-3.88933333333333,186.0,0.0,Diab. tr./alk.,,Mizusaki et al. (2002)
-63.7188333333333,-4.56883333333335,186.0,16.0,Diab. tr./alk.,,Mizusaki et al. (2002)
-66.623,-5.20233333333334,188.0,18.0,Diab. tr./alk.,,Mizusaki et al. (2002)
-66.2231666666667,-4.7705,190.0,19.0,Diab. tr./alk.,,Mizusaki et al. (2002)
-67.0373333333333,-5.04166666666666,191.0,12.0,Bas. tr./alk.,,Mizusaki et al. (2002)
-66.0516666666667,-4.45483333333334,198.0,3.0,Diab.tr./alk.,,Mizusaki et al. (2002)
-66.5855,-4.93883333333332,200.0,10.0,Diab.tr./alk.,,Mizusaki et al. (2002)
-66.9563333333333,-5.20233333333334,203.0,0.0,Diab.tr./alk.,,Mizusaki et al. (2002)
-63.7188333333333,-4.56883333333335,206.0,10.0,Diab.tr./alk.,,Mizusaki et al. (2002)
-66.2521666666667,-4.78466666666668,207.0,3.0,Diab.tr./alk.,,Mizusaki et al. (2002)
-36.25,-4.91666666666666,43.0,7.0,Basalt,,Mizusaki et al. (2002)
-66.2016666666667,-4.87183333333333,209.0,3.0,Diab.tr./alk.,,Mizusaki et al. (2002)
-63.1223333333333,-4.87066666666666,209.0,13.0,Diab.tr./alk.,,Mizusaki et al. (2002)
-69.05,-5.425,210.0,13.0,Diab.tr./alk.,,Mizusaki et al. (2002)
-65.2016666666667,-4.87516666666667,211.0,17.0,Diab.tr./alk.,,Mizusaki et al. (2002)
-69.05,-5.425,213.0,0.0,Diab.tr./alk.,,Mizusaki et al. (2002)
-66.2188333333333,-4.78466666666668,216.0,0.0,Diab.tr./alk.,,Mizusaki et al. (2002)
-66.623,-5.20233333333334,217.0,17.0,Diab.tr./alk.,,Mizusaki et al. (2002)
-66.3856666666667,-4.551,222.0,21.0,Diab.tr./alk.,,Mizusaki et al. (2002)
-66.3856666666667,-4.551,223.0,23.0,Diab.tr./alk.,,Mizusaki et al. (2002)
-67.0373333333333,-3.03833333333333,223.0,14.0,Diab.tr./alk.,,Mizusaki et al. (2002)
-65.7188333333333,-4.56883333333335,223.0,23.0,Diab.tr./alk.,,Mizusaki et al. (2002)
-67.0373333333333,-5.04166666666666,227.0,16.0,Xenolith,,Mizusaki et al. (2002)
-70.0198333333333,-5.59233333333332,229.0,12.0,Diab. tr./alk.,,Mizusaki et al. (2002)
-66.9563333333333,-5.20233333333334,233.0,0.0,Diab. tr./alk.,,Mizusaki et al. (2002)
-66.0716666666667,-3.517,233.0,14.0,Diab. tr./alk.,,Mizusaki et al. (2002)
-65.7521666666667,-4.56883333333335,238.0,0.0,Diab. tr./alk.,,Mizusaki et al. (2002)
-65.0,-3.33333333333335,142.0,10.0,Diab. tr./alk.,,Mizusaki et al. (2002)
-62.0,-4.0,163.0,7.0,Diab. tr./alk.,,Mizusaki et al. (2002)
-64.0,-6.0,170.0,6.0,Diab. tr./alk.,,Mizusaki et al. (2002)
-64.0,-6.0,182.0,6.0,Diab. tr./alk.,,Mizusaki et al. (2002)
-70.1666666666667,-7.0,294.0,22.0,Bas. tr./alk.,,Mizusaki et al. (2002)
-70.1666666666667,-7.0,307.0,12.0,Bas. tr./alk.,,Mizusaki et al. (2002)
-54.3251666666667,-2.106,118.0,10.0,Diab. tr./alk.,,Mizusaki et al. (2002)
-54.0216666666667,-1.88516666666667,118.0,10.0,Diab. tr./alk.,,Mizusaki et al. (2002)
-58.6061666666667,-3.6565,123.0,0.0,Diab. tr./alk.,,Mizusaki et al. (2002)
-54.3218333333333,-2.106,137.0,6.0,Diab. tr./alk.,,Mizusaki et al. (2002)
-54.6061666666667,-3.3535,138.0,11.0,Diab. tr./alk.,,Mizusaki et al. (2002)
-51.2166666666667,-0.95,163.0,6.0,Diab. tr./alk.,,Mizusaki et al. (2002)
-51.2166666666667,-0.95,171.0,6.0,Diab. tr./alk.,,Mizusaki et al. (2002)
-60.8846666666667,-3.656,172.0,0.0,Diab. tr./alk.,,Mizusaki et al. (2002)
-54.55,-2.0,173.0,3.0,Diab. tr./alk.,,Mizusaki et al. (2002)
-60.6213333333333,-3.8915,177.0,0.0,Diab. tr./alk.,,Mizusaki et al. (2002)
-60.185,-3.35333333333332,179.0,0.0,Diab. tr./alk.,,Mizusaki et al. (2002)
-57.5176666666667,-3.85166666666666,181.0,3.0,Diab. tr./alk.,,Mizusaki et al. (2002)
-57.086,-3.301,183.0,3.0,Diab. tr./alk.,,Mizusaki et al. (2002)
-60.6213333333333,-3.8915,194.0,0.0,Diab. tr./alk.,,Mizusaki et al. (2002)
-60.6676666666667,-4.809,197.0,0.0,Diab. tr./alk.,,Mizusaki et al. (2002)
-54.0528333333333,-3.15066666666666,198.0,7.0,Diab. tr./alk.,,Mizusaki et al. (2002)
-59.7221666666667,-3.32433333333333,202.0,6.0,Diab. tr./alk.,,Mizusaki et al. (2002)
-57.0526666666667,-3.301,203.0,11.0,Diab. tr./alk.,,Mizusaki et al. (2002)
-53.0548333333333,-1.12183333333335,204.0,6.0,Diab. tr./alk.,,Mizusaki et al. (2002)
-57.0526666666667,-3.301,204.0,10.0,Diab. tr./alk.,,Mizusaki et al. (2002)
-60.185,-3.35333333333332,204.0,10.0,Diab. tr./alk.,,Mizusaki et al. (2002)
-60.8846666666667,-3.656,203.0,0.0,Diab. tr./alk.,,Mizusaki et al. (2002)
-57.0526666666667,-3.301,206.0,11.0,Diab. tr./alk.,,Mizusaki et al. (2002)
-60.6213333333333,-3.8915,209.0,10.0,Diab. tr./alk.,,Mizusaki et al. (2002)
-60.6213333333333,-3.8915,210.0,10.0,Diab. tr./alk.,,Mizusaki et al. (2002)
-59.0838333333333,-3.87183333333334,210.0,21.0,Diab. tr./alk.,,Mizusaki et al. (2002)
-60.6213333333333,-3.8915,213.0,0.0,Diab. tr./alk.,,Mizusaki et al. (2002)
-57.0526666666667,-3.301,213.0,11.0,Diab. tr./alk.,,Mizusaki et al. (2002)
-51.422,-1.34233333333333,218.0,7.0,Diab. tr./alk.,,Mizusaki et al. (2002)
-60.618,-3.8915,220.0,0.0,Diab. tr./alk.,,Mizusaki et al. (2002)
-60.6676666666667,-4.809,222.0,10.0,Diab. tr./alk.,,Mizusaki et al. (2002)
-60.5398333333333,-3.21983333333332,227.0,11.0,Diab. tr./alk.,,Mizusaki et al. (2002)
-59.0691666666667,-3.823,228.0,33.0,Bas. tr./alk.,,Mizusaki et al. (2002)
-54.3218333333333,-2.106,232.0,19.0,Diab. tr./alk.,,Mizusaki et al. (2002)
-60.5431666666667,-3.25316666666666,240.0,11.0,Diab. tr./alk.,,Mizusaki et al. (2002)
-60.5366666666666,-4.16716666666667,247.0,12.0,Diab. tr./alk.,,Mizusaki et al. (2002)
-57.5176666666667,-3.85166666666666,249.0,13.0,Diab. tr./alk.,,Mizusaki et al. (2002)
-54.3218333333333,-2.106,239.0,26.0,Diab. tr./alk.,,Mizusaki et al. (2002)
-57.0526666666667,-3.301,303.0,19.0,Diab. tr./alk.,,Mizusaki et al. (2002)
-54.3195,-2.2,126.0,6.0,Diab. tr./alk.,,Mizusaki et al. (2002)
-54.5,-2.0,140.0,6.0,Diab. tr./alk.,,Mizusaki et al. (2002)
-56.0,-4.5,144.0,6.0,Diab. tr./alk.,,Mizusaki et al. (2002)
-51.25,-1.08333333333334,163.0,6.0,Diab. tr./alk.,,Mizusaki et al. (2002)
-51.25,-1.08333333333334,171.0,6.0,Diab. tr./alk.,,Mizusaki et al. (2002)
-49.8333333333333,1.83333333333335,176.0,0.0,Diab. tr./alk.,,Mizusaki et al. (2002)
-60.3333333333333,-7.33333333333333,179.0,3.0,Diab. tr./alk.,,Mizusaki et al. (2002)
-60.0,-3.33333333333335,202.0,6.0,Diab. tr./alk.,,Mizusaki et al. (2002)
-53.5,-1.75,204.0,6.0,Diab. tr./alk.,,Mizusaki et al. (2002)
-51.5,2.08333333333335,207.0,18.0,Diab. tr./alk.,,Mizusaki et al. (2002)
-51.0,-6.08333333333334,210.0,14.0,103,,Mizusaki et al. (2002)
-49.5383333333333,-0.936666666666668,56.0,1.0,Rhyolite,,Mizusaki et al. (2002)
-49.5383333333333,-0.936666666666668,86.0,1.0,Basalt,,Mizusaki et al. (2002)
-45.4048333333333,-2.99216666666667,114.0,44.0,Diabase,,Mizusaki et al. (2002)
-45.4048333333333,-2.99216666666667,187.0,0.0,Diabase,,Mizusaki et al. (2002)
-45.4048333333333,-2.99216666666667,171.0,31.0,Diabase,,Mizusaki et al. (2002)
-43.3955,-2.67,109.0,0.0,Diab. tr./alk.,,Mizusaki et al. (2002)
-42.1011666666667,-2.8905,124.0,6.0,Diab. tr./alk.,,Mizusaki et al. (2002)
-42.9338333333333,-2.90316666666666,228.0,38.0,Diab. tr./alk.,,Mizusaki et al. (2002)
-42.3333333333333,-6.83333333333334,126.0,4.0,Diabase,,Mizusaki et al. (2002)
-44.0,-6.5,127.0,2.0,Diabase,,Mizusaki et al. (2002)
-42.9166666666667,-6.83333333333334,127.0,4.0,Diabase,,Mizusaki et al. (2002)
-44.1216666666667,-6.12166666666666,133.0,10.0,Diabase,,Mizusaki et al. (2002)
-42.5515,-3.60016666666667,133.0,11.0,Diabase,,Mizusaki et al. (2002)
-47.4873333333333,-3.52266666666668,180.0,3.0,Diabase,,Mizusaki et al. (2002)
-46.5383333333333,-5.53333333333333,182.0,0.0,Diabase,,Mizusaki et al. (2002)
-44.54,-5.33333333333334,184.0,16.0,Diabase,,Mizusaki et al. (2002)
-47.4873333333333,-5.52266666666668,187.0,0.0,Basalt,,Mizusaki et al. (2002)
-48.0,-6.41666666666666,124.0,10.0,Basalt,,Mizusaki et al. (2002)
-47.5,-5.33333333333334,136.0,7.0,Basalt,,Mizusaki et al. (2002)
-36.273,-6.635,57.0,1.0,Bas. tr./alk.,,Mizusaki et al. (2002)
-36.8581666666667,-5.5675,80.0,2.0,Bas. tr./alk.,,Mizusaki et al. (2002)
-37.2671666666667,-6.35816666666667,144.0,2.0,Diab.tr./alk.,,Mizusaki et al. (2002)
-46.5,-6.0,123.0,3.0,Bas. tr./alk.,,Mizusaki et al. (2002)
-48.0,-6.5,147.0,2.0,Bas. tr./alk.,,Mizusaki et al. (2002)
-47.9833333333334,-6.48333333333332,150.0,2.0,Bas. tr./alk.,,Mizusaki et al. (2002)
-46.4833333333333,-6.01666666666667,138.0,2.0,Bas. tr./alk.,,Mizusaki et al. (2002)
-48.0,-7.0,172.0,4.0,Bas. tr./alk.,,Mizusaki et al. (2002)
-47.9883333333333,-6.48833333333335,214.0,3.0,Bas. tr./alk.,,Mizusaki et al. (2002)
-46.5166666666667,-5.98333333333332,213.0,3.0,Bas. tr./alk.,,Mizusaki et al. (2002)
-46.0885,-8.03833333333334,198.0,0.0,Diabase,,Mizusaki et al. (2002)
-46.1,-7.421,209.0,0.0,Diabase,,Mizusaki et al. (2002)
-40.4711666666667,-2.41983333333334,43.0,12.0,Breccia tholeiit.,,Mizusaki et al. (2002)
-40.4711666666667,-2.41983333333334,44.0,3.0,Breccia tholeiit.,,Mizusaki et al. (2002)
-39.0373333333333,-3.026,83.0,6.0,Diab. tr./alk.?,,Mizusaki et al. (2002)
-39.0833333333333,-6.81716666666668,211.0,0.0,Diab. tr./alc,,Mizusaki et al. (2002)
-39.0,-6.75,169.0,0.0,Bas. tr./alk.,,Mizusaki et al. (2002)
-39.0,-6.75,173.0,0.0,Bas. tr./alk.,,Mizusaki et al. (2002)
-39.0,-6.75,173.0,0.0,Bas. tr./alk.,,Mizusaki et al. (2002)
-39.0,-6.75,176.0,0.0,Bas. tr./alk.,,Mizusaki et al. (2002)
-39.0,-6.75,179.0,0.0,Bas. tr./alk.,,Mizusaki et al. (2002)
-39.0,-6.75,180.0,0.0,Bas. tr./alk.,,Mizusaki et al. (2002)
-36.2386666666667,-4.92316666666667,44.0,4.0,Diab.tr./alk.,,Mizusaki et al. (2002)
-36.2386666666667,-4.92316666666667,47.0,1.0,Bas. tr./alk.,,Mizusaki et al. (2002)
-36.85,-5.57166666666666,83.0,1.0,Bas.tholeiitic,,Mizusaki et al. (2002)
-36.8666666666667,-5.60166666666665,89.0,1.0,Bas.tholeiitic,,Mizusaki et al. (2002)
-37.1015,-5.33866666666665,100.0,10.0,Bas.tholeiitic,,Mizusaki et al. (2002)
-36.9533333333333,-5.75833333333333,123.0,0.0,Bas.tholeiitic,,Mizusaki et al. (2002)
-37.3166666666667,-5.86666666666667,124.0,29.0,Diab.tholeiitic,,Mizusaki et al. (2002)
-35.5856666666667,-4.83933333333334,130.0,13.0,Diab.tholeiitic,,Mizusaki et al. (2002)
-37.085,-5.705,133.0,2.0,Diab.tholeiitic,,Mizusaki et al. (2002)
-38.3333333333333,-5.83333333333334,133.0,3.0,Diab.tholeiitic,,Mizusaki et al. (2002)
-37.0566666666667,-5.69,139.0,1.0,Diab.tholeiitic,,Mizusaki et al. (2002)
-38.6666666666667,-5.9175,150.0,4.0,Diab.tholeiitic,,Mizusaki et al. (2002)
-39.0,-6.66666666666666,186.0,12.0,Diab.tholeiitic,,Mizusaki et al. (2002)
-39.1666666666667,-6.66666666666666,214.0,7.0,Diab.tholeiitic,,Mizusaki et al. (2002)
-36.4673333333333,-4.92266666666666,42.0,3.0,Bas. tr./alk.,,Mizusaki et al. (2002)
-36.2386666666667,-4.92316666666667,43.0,7.0,Bas. tr./alk.,,Mizusaki et al. (2002)
-36.135,-5.635,130.0,2.0,Diabase,,Mizusaki et al. (2002)
-36.0878333333333,-5.55,133.0,2.0,Diabase,,Mizusaki et al. (2002)
-36.5071666666667,-5.13333333333333,42.0,3.0,Basalt,,Mizusaki et al. (2002)
-36.5071666666667,-5.13333333333333,123.0,4.0,Diabase,,Mizusaki et al. (2002)
-36.17,-5.67166666666667,126.0,4.0,Diabase,,Mizusaki et al. (2002)
-36.17,-5.67166666666667,129.0,2.0,Diabase,,Mizusaki et al. (2002)
-36.17,-5.67166666666667,131.0,4.0,Diabase,,Mizusaki et al. (2002)
-36.3333333333333,-5.66666666666666,140.0,10.0,Diabase,,Mizusaki et al. (2002)
-34.989,-8.45083333333332,102.0,1.0,Dacite,,Mizusaki et al. (2002)
-38.5063333333333,-17.3356666666667,59.0,2.0,Diab.tholeiitic,,Mizusaki et al. (2002)
-39.3905,-18.7703333333333,48.0,4.0,Bas.tholeiitic,,Mizusaki et al. (2002)
-39.8038333333333,-19.509,80.0,13.0,Bas.tholeiitic,,Mizusaki et al. (2002)
-29.35,-20.4716666666667,61.0,2.0,Ankaratrite,,Mizusaki et al. (2002)
-29.35,-20.4716666666667,61.0,2.0,Ankaratrite,,Mizusaki et al. (2002)
-29.35,-20.4716666666667,85.0,3.0,Ankaratrite,,Mizusaki et al. (2002)
-38.7,-17.9666666666667,41.0,1.0,Diab.tholeiitic,,Mizusaki et al. (2002)
-38.7,-17.9666666666667,42.0,4.0,Diab.tholeiitic,,Mizusaki et al. (2002)
-38.7,-17.9666666666667,43.0,1.0,Diab.tholeiitic,,Mizusaki et al. (2002)
-38.7,-17.9666666666667,43.0,4.0,Diab.tholeiitic,,Mizusaki et al. (2002)
-38.7,-17.9666666666667,44.0,3.0,Diab.tholeiitic,,Mizusaki et al. (2002)
-38.7,-17.9666666666667,44.0,4.0,Diab.tholeiitic,,Mizusaki et al. (2002)
-38.7,-17.9666666666667,46.0,7.0,Diab.tholeiitic,,Mizusaki et al. (2002)
-38.7,-17.9666666666667,47.0,4.0,Diab.tholeiitic,,Mizusaki et al. (2002)
-38.7,-17.9666666666667,48.0,2.0,Diab.tholeiitic,,Mizusaki et al. (2002)
-38.7,-17.9666666666667,50.0,2.0,Diab.tholeiitic,,Mizusaki et al. (2002)
-38.7,-17.9666666666667,52.0,2.0,Diab.tholeiitic,,Mizusaki et al. (2002)
-38.7,-17.9666666666667,61.0,0.0,Diab.tholeiitic,,Mizusaki et al. (2002)
-38.7,-17.9666666666667,64.0,7.0,Diab.tholeiitic,,Mizusaki et al. (2002)
-38.7,-17.9666666666667,63.0,6.0,Diab.tholeiitic,,Mizusaki et al. (2002)
-40.1416666666667,-22.321,81.0,3.0,Diab. tr./alk.,,Mizusaki et al. (2002)
-41.921,-23.7673333333333,92.0,29.0,Diab. tr./alk.,,Mizusaki et al. (2002)
-40.8356666666667,-22.735,93.0,3.0,Bas. tr./alk.,,Mizusaki et al. (2002)
-41.5428333333333,-23.4673333333333,103.0,4.0,Diab. tr./alk.,,Mizusaki et al. (2002)
-41.6881666666667,-23.653,107.0,3.0,Diab. tr./alk.,,Mizusaki et al. (2002)
-40.822,-22.7201666666667,110.0,6.0,Bas. tr./alk.,,Mizusaki et al. (2002)
-40.806,-22.7556666666667,122.0,4.0,Bas. tr./alk.,,Mizusaki et al. (2002)
-40.8243333333333,-22.7428333333333,122.0,3.0,Diab. tr./alk.,,Mizusaki et al. (2002)
-40.8421666666667,-22.7098333333333,124.0,7.0,Bas. tr./alk.,,Mizusaki et al. (2002)
-40.8348333333333,-22.7085,126.0,5.0,Bas. tr./alk.,,Mizusaki et al. (2002)
-40.8348333333333,-22.7085,134.0,4.0,Bas. tr./alk.,,Mizusaki et al. (2002)
-40.7888333333333,-21.0875,202.0,6.0,Diab. tr./alk.,,Mizusaki et al. (2002)
-42.8871666666667,-23.7561666666667,44.0,1.0,Diabase,,Mizusaki et al. (2002)
-42.8871666666667,-23.7561666666667,87.0,12.0,Diabase,,Mizusaki et al. (2002)
-43.7173333333333,-24.1085,90.0,6.0,Diabase,,Mizusaki et al. (2002)
-43.3868333333333,-23.9725,101.0,7.0,Diabase,,Mizusaki et al. (2002)
-47.3371666666667,-27.3545,114.0,3.0,Andesite,,Mizusaki et al. (2002)
-45.2423333333333,-24.5688333333333,121.0,11.0,Diabase,,Mizusaki et al. (2002)
-52.101,-21.755,106.0,0.0,Diab.tholeiitic,,Mizusaki et al. (2002)
-51.9015,-27.5043333333333,112.0,0.0,Bas.tholeiitic,,Mizusaki et al. (2002)
-51.372,-24.5196666666667,115.0,0.0,Diab.tholeiitic,,Mizusaki et al. (2002)
-52.1753333333333,-26.4501666666667,119.0,4.0,Diab.tholeiitic,,Mizusaki et al. (2002)
-52.4065,-25.4003333333333,120.0,0.0,Bas.tholeiitic,,Mizusaki et al. (2002)
-51.0545,-26.2598333333333,121.0,0.0,Diab.tholeiitic,,Mizusaki et al. (2002)
-50.6026666666667,-22.4175,122.0,0.0,Bas.tholeiitic,,Mizusaki et al. (2002)
-52.101,-21.755,123.0,0.0,Bas.tholeiitic,,Mizusaki et al. (2002)
-49.1346666666667,-27.467,123.0,3.0,Bas.tholeiitic,,Mizusaki et al. (2002)
-55.3431666666667,-28.2931666666667,124.0,0.0,Diab.tholeiitic,,Mizusaki et al. (2002)
-48.3858333333333,-23.3695,125.0,0.0,Diab.tholeiitic,,Mizusaki et al. (2002)
-51.4195,-23.4913333333333,127.0,0.0,Bas.tholeiitic,,Mizusaki et al. (2002)
-50.8866666666667,-24.1751666666667,127.0,1.0,Diab.tholeiitic,,Mizusaki et al. (2002)
-52.4065,-25.4003333333333,128.0,0.0,Diab.tholeiitic,,Mizusaki et al. (2002)
-55.3431666666667,-28.2931666666667,129.0,0.0,Bas.tholeiitic,,Mizusaki et al. (2002)
-51.4195,-23.4913333333333,130.0,0.0,Bas.tholeiitic,,Mizusaki et al. (2002)
-51.4195,-23.4913333333333,132.0,0.0,Diab.tholeiitic,,Mizusaki et al. (2002)
-51.2918333333333,-26.7353333333333,133.0,0.0,Bas.tholeiitic,,Mizusaki et al. (2002)
-52.101,-21.755,135.0,0.0,Diab.tholeiitic,,Mizusaki et al. (2002)
-51.6586666666667,-28.7008333333333,143.0,0.0,Diab.tholeiitic,,Mizusaki et al. (2002)
-55.7598333333333,-29.8011666666667,145.0,0.0,Diab.tholeiitic,,Mizusaki et al. (2002)
-49.108,-25.1705,148.0,2.0,Diab.tholeiitic,,Mizusaki et al. (2002)
-51.7855,-17.8038333333333,173.0,0.0,Diab.tholeiitic,,Mizusaki et al. (2002)
-51.3071666666667,-26.7415,213.0,0.0,Diab.tholeiitic,,Mizusaki et al. (2002)
-50.4708333333333,-31.0333333333333,84.0,10.0,Bas.tholeiitic,,Mizusaki et al. (2002)
-50.4708333333333,-31.0333333333333,100.0,6.0,Bas.tholeiitic,,Mizusaki et al. (2002)
-50.4708333333333,-31.0333333333333,124.0,0.0,Bas.tholeiitic,,Mizusaki et al. (2002)
-49.5383333333333,-0.936666666666668,55.0,2.0,Breccia,,Mizusaki et al. (2002)
-36.7081666666667,-3.173,14.0,1.0,Bas. tr./alk.,,Mizusaki et al. (2002)
-36.4026666666667,-5.773,28.0,1.0,Bas. tr./alk.,,Mizusaki et al. (2002)
-36.4053333333333,-5.90533333333335,30.0,1.0,Bas. tr./alk.,,Mizusaki et al. (2002)
-36.4053333333333,-5.90533333333335,32.0,1.0,Bas. tr./alk.,,Mizusaki et al. (2002)
-38.886,-3.28783333333333,32.0,1.0,Diab.tholeiitic,,Mizusaki et al. (2002)
-38.353,-3.27533333333333,34.0,1.0,Bas.tholeiitic,,Mizusaki et al. (2002)
-37.4673333333333,-5.307,19.0,6.0,Bas. tr./alk.,,Mizusaki et al. (2002)
-36.1595,-4.94016666666668,32.0,1.0,Bas. tr./alk.,,Mizusaki et al. (2002)
-36.2386666666667,-4.92316666666667,37.0,7.0,Bas. tr./alk.,,Mizusaki et al. (2002)
-36.2386666666667,-4.92316666666667,37.0,0.0,Bas. tr./alk.,,Mizusaki et al. (2002)
-36.2931666666666,-4.909,28.0,7.0,Bas. tr./alk.,,Mizusaki et al. (2002)
-36.1561666666666,-4.94016666666668,33.0,1.0,Bas. tr./alk.,,Mizusaki et al. (2002)
-36.25,-4.91666666666666,29.0,1.0,Basalt,,Mizusaki et al. (2002)
-36.25,-4.91666666666666,36.0,1.0,Basalt,,Mizusaki et al. (2002)
-36.3256666666667,-5.5405,13.0,1.0,Basalt,,Mizusaki et al. (2002)
-36.3256666666667,-5.5405,13.0,1.0,Basalt,,Mizusaki et al. (2002)
-36.3256666666667,-5.5405,14.0,2.0,Basalt,,Mizusaki et al. (2002)
-36.123,-5.62483333333333,29.0,2.0,Basalt,,Mizusaki et al. (2002)
-36.123,-5.62483333333333,30.0,3.0,Basalt,,Mizusaki et al. (2002)
-32.4216666666667,-3.8575,2.0,0.0,Ankaratrite,,Mizusaki et al. (2002)
-32.4216666666667,-3.8575,2.0,0.0,Ankaratrite,,Mizusaki et al. (2002)
-32.4216666666667,-3.8575,2.0,0.0,Limburgite,,Mizusaki et al. (2002)
-32.4216666666667,-3.8575,3.0,1.0,Ankaratrite,,Mizusaki et al. (2002)
-32.4216666666667,-3.8575,3.0,0.0,Ankaratrite,,Mizusaki et al. (2002)
-32.4216666666667,-3.8575,4.0,0.0,Breccia alk.,,Mizusaki et al. (2002)
-32.4216666666667,-3.8575,7.0,0.0,Ankaratrite,,Mizusaki et al. (2002)
-32.4216666666667,-3.8575,0.0,0.0,Phonolite,,Mizusaki et al. (2002)
-32.4216666666667,-3.8575,0.0,0.0,Basanite,,Mizusaki et al. (2002)
-32.4216666666667,-3.8575,0.0,0.0,Phonolite,,Mizusaki et al. (2002)
-32.4216666666667,-3.8575,0.0,0.0,Phonolite,,Mizusaki et al. (2002)
-32.4216666666667,-3.8575,0.0,0.0,Phonolite,,Mizusaki et al. (2002)
-32.4216666666667,-3.8575,10.0,0.0,Essexite,,Mizusaki et al. (2002)
-32.4216666666667,-3.8575,11.0,0.0,Trachyte,,Mizusaki et al. (2002)
-32.4216666666667,-3.8575,11.0,0.0,Phonolite,,Mizusaki et al. (2002)
-32.4216666666667,-3.8575,12.0,0.0,Basalt,,Mizusaki et al. (2002)
-32.4216666666667,-3.8575,22.0,1.0,Basanite,,Mizusaki et al. (2002)
-36.3355,-5.34,18.0,1.0,Basalt,,Mizusaki et al. (2002)
-36.1716666666667,-5.66833333333332,20.0,1.0,Basalt,,Mizusaki et al. (2002)
-36.3371666666667,-5.50383333333334,24.0,6.0,Basalt,,Mizusaki et al. (2002)
-36.3333333333333,-6.83666666666667,19.0,1.0,Basalt,,Mizusaki et al. (2002)
-36.1666666666667,-7.175,30.0,6.0,Basalt,,Mizusaki et al. (2002)
-35.8383333333334,-7.33666666666667,39.0,7.0,Basalt,,Mizusaki et al. (2002)
-38.5063333333333,-17.3356666666667,33.0,2.0,Diab.tholeiitic,,Mizusaki et al. (2002)
-38.5063333333333,-17.3356666666667,37.0,7.0,Diab.tholeiitic,,Mizusaki et al. (2002)
-29.35,-20.4716666666667,2.0,0.0,Tinguaite,,Mizusaki et al. (2002)
-29.35,-20.4716666666667,0.0,0.0,Ankaratrite,,Mizusaki et al. (2002)
-29.35,-20.4716666666667,0.0,0.0,Ankaratrite,,Mizusaki et al. (2002)
-29.35,-20.4716666666667,0.0,0.0,Hau¨ ynite,,Mizusaki et al. (2002)
-29.35,-20.4716666666667,1.0,1.0,Basanite,,Mizusaki et al. (2002)
-29.35,-20.4716666666667,1.0,1.0,Nephelinite,,Mizusaki et al. (2002)
-29.35,-20.4716666666667,1.0,1.0,Phonolite,,Mizusaki et al. (2002)
-29.35,-20.4716666666667,2.0,0.0,Phonolite,,Mizusaki et al. (2002)
-29.35,-20.4716666666667,2.0,0.0,Phonolite,,Mizusaki et al. (2002)
-29.35,-20.4716666666667,2.0,0.0,Phonolite,,Mizusaki et al. (2002)
-29.35,-20.4716666666667,2.0,0.0,Basanite,,Mizusaki et al. (2002)
-29.35,-20.4716666666667,3.0,0.0,Basanite,,Mizusaki et al. (2002)
-29.35,-20.4716666666667,3.0,0.0,Basanite,,Mizusaki et al. (2002)
-29.35,-20.4716666666667,3.0,0.0,Basanite,,Mizusaki et al. (2002)
-29.35,-20.4716666666667,3.0,0.0,Basanite,,Mizusaki et al. (2002)
-29.35,-20.4716666666667,3.0,0.0,Nephelinite,,Mizusaki et al. (2002)
-29.35,-20.4716666666667,3.0,0.0,Basanite,,Mizusaki et al. (2002)
-29.35,-20.4716666666667,4.0,1.0,Basanite,,Mizusaki et al. (2002)
-38.7,-17.9666666666667,32.0,2.0,Diab.tholeiitic,,Mizusaki et al. (2002)
-38.7,-17.9666666666667,37.0,3.0,Diab.tholeiitic,,Mizusaki et al. (2002)
-38.7,-17.9666666666667,37.0,2.0,Diab.tholeiitic,,Mizusaki et al. (2002)
-38.7,-17.9666666666667,39.0,2.0,Diab.tholeiitic,,Mizusaki et al. (2002)
-41.5543333333333,-23.7673333333333,30.0,7.0,Diab. tr./alk.,,Mizusaki et al. (2002)
-41.6413333333333,-22.5383333333333,33.0,2.0,Bas. tr./alk.,,Mizusaki et al. (2002)
-41.2668333333333,-23.4168333333333,34.0,2.0,Diab. tr./alk.,,Mizusaki et al. (2002)
-44.587,-24.5838333333333,39.0,6.0,Diabase,,Mizusaki et al. (2002)
-42.8871666666667,-23.7561666666667,33.0,11.0,Diabase,,Mizusaki et al. (2002)
-46.804630555555555,-18.51951111111111,79.0,3.1,Kamafugite,Rb/Sr,Ribeiro et al. (2018)
-46.767966666666666,-18.52285,80.1,4.6,Kamafugite,U/Pb,Ribeiro et al. (2018)
-51.03760555555555,-16.691666666666666,72.4,1.3,Kamafugite,K/Ar,Ribeiro et al. (2018)
-46.94768611111111,-19.67106111111111,77.4,1.0,Carbonatite-Glimmerite,K/Ar,Ribeiro et al. (2018)
-40.14516666666667,-22.328125,81.0,5.0,Gabbro,K/Ar,Ribeiro et al. (2018)
-46.294780555555555,-19.031694444444444,83.6,1.4,Carbonatite-kimberlite-lamproite-kamafugitic,K/Ar,Ribeiro et al. (2018)
-47.810294444444445,-18.134677777777778,81.0,4.0,Magnetitite,U/Pb,Ribeiro et al. (2018)
-47.87611944444445,-18.047611111111113,82.0,3.0,Phlogopite-picrite,U/Pb,Ribeiro et al. (2018)
-47.06186388888889,-18.863958333333336,76.9,4.1,Kimberlite,U/Pb,Ribeiro et al. (2018)
-45.953611111111115,-19.981388888888887,79.6,1.2,Kimberlite,U/Pb,Ribeiro et al. (2018)
-47.45945833333334,-18.546447222222223,80.0,5.0,Kimberlite,U/Pb,Ribeiro et al. (2018)
-47.361069444444446,-18.413405555555553,84.5,0.9,Kamafugite,Rb/Sr,Ribeiro et al. (2018)
-46.89936111111111,-20.055091666666666,78.9,6.9,Kamafugite,U/Pb,Ribeiro et al. (2018)
-46.899,-20.055266666666668,80.1,1.2,Kamafugite,U/Pb,Ribeiro et al. (2018)
-46.90184722222222,-20.05340277777778,79.2,1.2,Kamafugite,U/Pb,Ribeiro et al. (2018)
-47.57837777777778,-18.196719444444444,84.0,2.0,Kimberlite,U/Pb,Ribeiro et al. (2018)
-47.524325,-18.513661111111112,91.0,6.0,Kimberlite,U/Pb,Ribeiro et al. (2018)
-46.79811111111111,-18.48095,79.9,3.2,Kimberlite,U/Pb,Ribeiro et al. (2018)
-46.302702777777775,-18.437158333333333,79.0,2.0,Kamafugite-sub_volcanic_phonolite,U/Pb,Ribeiro et al. (2018)
-46.21666666666667,-18.916666666666668,86.6,5.2,Kamafugite,U/Pb,Ribeiro et al. (2018)
-51.38333333333333,-16.066666666666666,88.7,5.7,Essexite-gabbro-syenite,K/Ar,Ribeiro et al. (2018)
-46.78918888888889,-18.469944444444444,83.0,2.0,Kimberlite,U/Pb,Ribeiro et al. (2018)
-47.46715833333334,-18.550625,87.2,3.0,Kimberlite,U/Pb,Ribeiro et al. (2018)
-47.45771666666667,-18.571005555555555,79.0,4.0,Kimberlite,U/Pb,Ribeiro et al. (2018)
-47.19495277777777,-18.389658333333333,86.0,1.2,Kimberlite,U/Pb,Ribeiro et al. (2018)
-46.58935833333334,-21.853397222222224,86.7,0.4,Tinguaite-phonolite-nepheline-syenite-pyroclastic_rocks,Ar/Ar,Ribeiro et al. (2018)
-55.69490833333333,-16.27811111111111,84.0,6.0,Granite-quartz-monzonite-syenite-nordmarkite,Rb/Sr,Ribeiro et al. (2018)
-45.752830555555555,-22.789233333333335,87.6,,Gabbro-clinopyroxenite,biotite,Ribeiro et al. (2018)
-53.97058888888889,-15.975902777777778,83.9,0.4,Basalt-syenite-monzonite-granite,Ar/Ar,Ribeiro et al. (2018)
-46.475675,-18.40437222222222,79.0,1.0,Kamafugite,U/Pb,Ribeiro et al. (2018)
-47.39463888888889,-18.290450000000003,88.0,4.4,Kamafugite,U/Pb,Ribeiro et al. (2018)
-46.766666666666666,-19.033333333333335,82.5,5.7,Bebedourite-phonolite,K/Ar,Ribeiro et al. (2018)
-51.13333333333333,-15.716666666666667,86.7,1.8,Essexite-missourite-lamprophire-malignite,K/Ar,Ribeiro et al. (2018)
-46.833333333333336,-18.916666666666668,83.5,,Peridotite,K/Ar,Ribeiro et al. (2018)
-46.00049722222222,-19.730444444444444,90.0,4.0,Katungite-mafurite-ugandite-(kamafugitic-rocks),Ar/Ar,Ribeiro et al. (2018)
-46.85157777777778,-19.878252777777778,87.2,1.2,Phonolite-jacupiranguite-bebedourite,K/Ar,Ribeiro et al. (2018)
-47.859458333333336,-18.338797222222222,87.0,3.0,Kimberlite,U/Pb,Ribeiro et al. (2018)
-47.82109722222223,-18.314072222222222,81.6,2.7,Kimberlite,Rb/Sr,Ribeiro et al. (2018)
-47.824397222222224,-18.44061388888889,81.1,6.6,27 Kimberlite,U/Pb,Ribeiro et al. (2018)
-51.03333333333333,-16.433333333333334,82.9,3.1,Syenite-gabbro-piroxenite,K/Ar,Ribeiro et al. (2018)
-46.21666666666667,-18.916666666666668,86.6,5.2,Kamafugite,U/Pb,Ribeiro et al. (2018)
-51.38333333333333,-16.066666666666666,88.7,5.7,Essexite-gabbro-syenite,K/Ar,Ribeiro et al. (2018)
-46.240519444444445,-18.85526388888889,79.2,5.6,Kamafugite,U/Pb,Ribeiro et al. (2018)
-46.426525,-18.4311,83.9,5.2,Kamafugite,U/Pb,Ribeiro et al. (2018)
-51.15,-17.055555555555557,88.24,0.56,Kamafugite,Ar/Ar,Ribeiro et al. (2018)
-46.766666666666666,-19.033333333333335,82.5,5.7,Bebedourite-phonolite,K/Ar,Ribeiro et al. (2018)
-51.13333333333333,-15.716666666666667,86.7,1.8,Essexite-missourite-lamprophire-malignite,K/Ar,Ribeiro et al. (2018)
-50.666666666666664,-17.583333333333332,77.9,6.8,Kamafugite/sub-volcanic-phonolite,U/Pb,Ribeiro et al. (2018)
-46.833333333333336,-18.916666666666668,83.5,,Peridotite,K/Ar,Ribeiro et al. (2018)
-47.824397222222224,-18.44061388888889,81.1,6.6,Kimberlite,U/Pb,Ribeiro et al. (2018)
-47.678,-18.261997222222224,88.3,1.0,Kimberlite,Ar/Ar,Ribeiro et al. (2018)
-54.0075,-1.0,204.0,,Basalto,K-Ar,Tassinari (1996)
-53.7753,-1.8,130.0,,Diabasio,K-Ar,Tassinari (1996)
-51.2843,-1.0,213.0,,Diabasio,K-Ar,Tassinari (1996)
-53.5055,-3.6301,171.0,,Diabasio,K-Ar,Tassinari (1996)
-53.615,-3.7557,130.0,,Diabasio,K-Ar,Tassinari (1996)
-53.5327,-3.7135,188.0,,Diabasio,K-Ar,Tassinari (1996)
-50.2667,-6.1167,210.0,,Diabasio,K-Ar,Tassinari (1996)
-50.8333,-5.5,203.0,,Diabasio,K-Ar,Tassinari (1996)
-49.7,-4.1,105.0,,Gabro,K-Ar,Tassinari (1996)
-50.8167,-6.1167,210.0,,Basalto,K-Ar,Tassinari (1996)
-49.72,-6.18,160.0,,Gabro,K-Ar,Tassinari (1996)
-49.4667,-5.5833,225.0,,Diabasio,K-Ar,Tassinari (1996)
-57.3389,-14.6692,123.0,,Basalto,K-Ar,Tassinari (1996)
-57.4518,-14.6125,126.0,,Basalto,K-Ar,Tassinari (1996)
-61.6213,-12.5477,140.0,,Diabasio,K-Ar,Tassinari (1996)
-61.4481,-12.5802,151.0,,Basalto,K-Ar,Tassinari (1996)
-61.0065,-12.5441,178.0,,Basalto,K-Ar,Tassinari (1996)
-61.4158,-12.5254,150.0,,Basalto,K-Ar,Tassinari (1996)
-73.6009,-7.3272,238.0,,Sienito,K-Ar,Tassinari (1996)
-66.2847,-4.838,216.0,,Diabasio,K-Ar,Tassinari (1996)
-51.3167,2.1833,207.0,,Diabasio,K-Ar,Tassinari (1996)
-51.5,3.7833,224.0,,Diabasio,K-Ar,Tassinari (1996)
-51.3333,3.6333,227.0,,Diabasio,K-Ar,Tassinari (1996)
-51.1,2.2167,176.0,,Diabasio,K-Ar,Tassinari (1996)
-65.7,-0.2,248.0,,Diabasio,K-Ar,Tassinari (1996)
-61.276,-2.1208,209.0,,Diabasio,K-Ar,Tassinari (1996)
-62.5833,-3.7833,165.0,,Basalto,K-Ar,Tassinari (1996)
-60.269,-7.1546,218.0,,Diabasio,K-Ar,Tassinari (1996)
-60.6501,-7.2699,222.0,,Diabasio,K-Ar,Tassinari (1996)
-60.6606,-7.3421,179.0,,Diabasio,K-Ar,Tassinari (1996)
-60.7333,2.9167,152.0,,Basalto,K-Ar,Tassinari (1996)
-60.1333,3.1667,179.0,,Basalto,K-Ar,Tassinari (1996)
-60.8,2.4833,161.0,,Basalto,K-Ar,Tassinari (1996)
-60.1833,3.3333,151.0,,Basalto,K-Ar,Tassinari (1996)
-61.0,2.79,151.0,,Basalto,K-Ar,Tassinari (1996)
-60.9167,2.7167,148.0,,Basalto,K-Ar,Tassinari (1996)
-60.1667,4.3167,127.0,,Basalto,K-Ar,Tassinari (1996)
-54.7333,-2.3,232.0,,Basalto,K-Ar,Tassinari (1996)
-55.8886,-1.5446,249.0,,Diabasio,K-Ar,Tassinari (1996)
-57.8426,-3.9155,181.0,,Diabasio,K-Ar,Tassinari (1996)
-54.5005,-2.0245,175.0,,Diabasio,K-Ar,Tassinari (1996)
-54.1338,-2.1088,130.0,,Diabasio,K-Ar,Tassinari (1996)
-54.0167,-1.9,135.0,,Diabasio,K-Ar,Tassinari (1996)
-55.0333,-1.5833,175.0,,Diabasio,K-Ar,Tassinari (1996)
-54.65,-1.4167,183.0,,Diabasio,K-Ar,Tassinari (1996)
-56.5333,-1.4167,143.0,,Diabasio,K-Ar,Tassinari (1996)
-59.7333,-3.1833,196.0,,Diabasio,K-Ar,Tassinari (1996)
-54.73333,-2.3,140.0,,Basalto,K-Ar,Tassinari (1996)
-49.0333,-9.9333,168.0,,Diabasio,K-Ar,Tassinari (1996)
-49.4667,-8.75,197.0,,Diabasio,K-Ar,Tassinari (1996)
-49.0147,-9.8945,175.0,,Diabasio,K-Ar,Tassinari (1996)
-57.8243,-7.4707,180.0,,Diabasio,K-Ar,Tassinari (1996)
-60.4084,-7.2052,179.0,,Diabasio,K-Ar,Tassinari (1996)
-55.8816,-4.3598,148.0,,Diabasio,K-Ar,Tassinari (1996)
-54.5667,2.0033,201.0,,Diabasio,K-Ar,Tassinari (1996)
-59.8333,4.45,201.0,,Gabro,K-Ar,Tassinari (1996)
-59.9833,3.5906,146.0,,Basalto,K-Ar,Tassinari (1996)
